Rk,Player,Pos,Age,Tm,G,MP,PER,TS%,3PAr,FTr,ORB%,DRB%,TRB%,AST%,STL%,BLK%,TOV%,USG%,,OWS,DWS,WS,WS/48,,OBPM,DBPM,BPM,VORP
1,Kareem Abdul-Jabbar*,C,34,LAL,76,2677,23.4,0.608,0.002,0.34,7.3,19.1,13.4,11.9,1.1,4.1,13.3,25.6,,6.9,3.9,10.7,0.192,,3.8,1.2,5,4.7
2,Alvan Adams,C,27,PHO,79,2393,18.6,0.529,0.001,0.227,6.6,20.2,13.6,22.1,2.3,1.9,14.8,22.8,,2.5,4.7,7.2,0.144,,1.4,2.2,3.6,3.4
3,Mark Aguirre,SF,22,DAL,51,1468,17.3,0.514,0.087,0.301,6.7,12.9,9.7,18.6,1.2,0.9,12.7,29.8,,1,0.8,1.9,0.061,,2.3,-1.6,0.7,1
4,Danny Ainge,SG,22,BOS,53,564,10.1,0.439,0.077,0.294,5,5.9,5.5,19.7,3.1,0.3,17.5,21.5,,-0.3,0.8,0.5,0.042,,-3.7,1,-2.7,-0.1
5,Tiny Archibald*,PG,33,BOS,68,2167,14.3,0.542,0.025,0.485,1.3,4.5,2.9,31.9,1.1,0.1,18.4,17.9,,3.4,1.8,5.2,0.115,,1.4,-1.3,0.1,1.1
6,Dennis Awtrey,C,33,POR,10,121,1.6,0.396,0,0.6,6.5,6.4,6.5,7.5,0.4,0.9,24,8.5,,-0.1,0,0,-0.013,,-4.8,-0.3,-5.1,-0.1
7,Carl Bailey,C,23,POR,1,7,-6.8,1,0,0,0,0,0,0,0,0,66.7,17.6,,0,0,0,-0.268,,-5,-0.1,-5.1,0
8,James Bailey,PF,24,TOT,77,1468,13.3,0.546,0,0.444,9.7,20.3,15,6.3,1.3,3.3,18.7,20.3,,0.2,2.7,2.9,0.094,,-3,1,-2,0
8,James Bailey,PF,24,SEA,10,180,8.7,0.473,0,0.169,10.6,18,14.5,10.2,0.8,2.1,21.4,20.5,,-0.2,0.3,0.1,0.016,,-4.9,0.3,-4.7,-0.2
8,James Bailey,PF,24,NJN,67,1288,14,0.556,0,0.484,9.5,20.7,15,5.7,1.4,3.5,18.4,20.3,,0.4,2.4,2.8,0.104,,-2.7,1.1,-1.6,0.1
9,Greg Ballard,SF,27,WSB,79,2946,17.9,0.519,0.017,0.217,5.1,18.1,11.7,13.1,2.2,0.4,7.7,22,,4.1,5.3,9.4,0.154,,1.5,1.7,3.2,3.9
10,Gene Banks,SF,22,SAS,80,1700,14.7,0.515,0.012,0.325,9.9,16,13,11.5,1.5,0.5,12.5,19.9,,1.9,1.6,3.5,0.099,,0,-0.7,-0.7,0.6
11,Mike Bantom,SF,30,TOT,82,2016,12.7,0.505,0.008,0.375,9.7,14.4,12.1,8.1,1.5,1.7,15.2,20.2,,0.2,2.7,2.9,0.069,,-2,-0.3,-2.3,-0.1
11,Mike Bantom,SF,30,IND,39,1037,12.6,0.484,0.007,0.377,8.9,13.6,11.2,9.8,1.8,1.3,15.2,22.4,,-0.3,1.4,1,0.048,,-2.3,-0.2,-2.5,-0.1
11,Mike Bantom,SF,30,PHI,43,979,12.7,0.533,0.01,0.373,10.5,15.3,13,6.3,1.2,2.2,15.2,17.9,,0.6,1.3,1.9,0.092,,-1.7,-0.4,-2.1,0
12,Billy Ray Bates,SG,25,POR,75,1229,17.8,0.53,0.059,0.305,4.9,5,4.9,13.9,1.6,0.2,10.6,29.4,,1.8,0.6,2.4,0.094,,1.5,-2,-0.5,0.5
13,Mel Bennett,PF,27,CLE,3,23,-2.7,0.377,0,1.5,4.6,10.5,7.4,0,2.1,0,37.6,19.1,,-0.1,0,-0.1,-0.27,,-5,-0.4,-5.5,-0.1
14,Kent Benson,C,27,DET,75,2467,14.4,0.539,0.014,0.197,9.4,19.9,14.5,8.8,1.2,2.2,15.5,16.3,,2.2,3,5.2,0.101,,0,0.4,0.4,1.5
15,Larry Bird*,PF,25,BOS,77,2923,22.6,0.557,0.037,0.269,7.7,23.4,15.8,22.5,2.3,1.2,13.8,25.2,,6.8,5.7,12.5,0.205,,4.4,2.3,6.6,6.4
16,Otis Birdsong,SG,26,NJN,37,1025,13.3,0.489,0.021,0.265,3.3,7.5,5.3,18.2,1.4,0.3,10.7,23.4,,0.5,1.1,1.6,0.074,,-0.5,-0.7,-1.2,0.2
17,Rolando Blackman,SG,22,DAL,82,1979,16.2,0.559,0.005,0.323,5.4,9.4,7.3,8.3,1.1,0.9,10.4,22.7,,3.2,0.8,4.1,0.098,,1.8,-1.6,0.2,1.1
18,Ray Blume,SG,23,CHI,49,546,9.7,0.482,0.081,0.126,3,5.4,4.3,18.9,2,0.2,18.7,22.1,,-0.5,0.3,-0.1,-0.013,,-3.3,-1.2,-4.5,-0.3
19,Alex Bradley,SF,22,NYK,39,331,12.4,0.552,0.01,0.466,10.5,12,11.2,4.6,1.7,0.9,18.4,18.9,,0.1,0.3,0.4,0.053,,-1.6,-1,-2.6,0
20,Charles Bradley,SG,22,BOS,51,339,8.9,0.509,0.008,0.508,4,8.2,6.2,8.5,2,1,19.9,22,,-0.2,0.4,0.2,0.03,,-4.7,0.2,-4.5,-0.2
21,Dudley Bradley,SG,24,PHO,64,937,10.9,0.5,0.014,0.356,3.6,6.6,5.1,11.4,4,0.6,17.9,17.4,,-0.3,1.7,1.4,0.071,,-3.7,2.6,-1.1,0.2
22,Brad Branson,PF,23,CLE,10,176,8.4,0.463,0,0.231,8.5,13,10.6,4.6,1.4,1.3,18.5,16.5,,-0.1,0.1,-0.1,-0.016,,-3.1,-0.8,-3.9,-0.1
23,Mike Bratz,PG,26,SAS,81,1616,14.2,0.495,0.244,0.269,2.7,8.4,5.5,34.2,1.9,0.4,18,19,,1.5,1.2,2.7,0.081,,0.6,-1,-0.3,0.7
24,Jim Brewer,PF,30,LAL,71,966,10.1,0.464,0.034,0.109,12.4,17.2,14.9,4.8,1.9,2.5,16.8,9.1,,0.4,1.4,1.8,0.088,,-1.8,1,-0.8,0.3
25,Ron Brewer,SG,26,TOT,72,2319,15.9,0.519,0.026,0.218,2.5,5.3,3.9,12.8,1.7,0.7,8.7,25.2,,2.6,0.7,3.3,0.068,,0.8,-1.1,-0.2,1
25,Ron Brewer,SG,26,SAS,25,595,21.5,0.555,0.028,0.244,2.3,6.7,4.5,17.9,1.8,0.6,7.8,29,,1.5,0.4,2,0.158,,3.8,-0.5,3.3,0.8
25,Ron Brewer,SG,26,CLE,47,1724,14,0.502,0.025,0.206,2.6,4.8,3.6,11.1,1.7,0.8,9.1,23.9,,1,0.3,1.3,0.037,,-0.2,-1.2,-1.4,0.2
26,Junior Bridgeman,SF,28,MIL,41,924,16,0.534,0.021,0.238,4.8,10.5,7.8,17.6,1.5,0.2,11.8,24.1,,1.4,1.2,2.6,0.136,,0.7,-0.5,0.3,0.5
27,Allan Bristow,SF,30,DAL,82,2035,12.6,0.502,0.036,0.329,6.5,12.8,9.5,29.3,1.6,0.2,22.4,14.9,,1.3,1.2,2.5,0.059,,-0.3,-0.2,-0.5,0.8
28,Jim Brogan,SG,23,SDC,63,1027,13,0.499,0.088,0.231,6.9,7,7,20.6,2.3,0.7,17.2,19.2,,0.6,0.2,0.8,0.035,,-0.2,-0.8,-1,0.3
29,Michael Brooks,SF,23,SDC,82,2750,16.1,0.539,0.007,0.25,8.7,18.6,13.5,12.2,1.9,0.8,14.3,20.4,,3.4,1.2,4.5,0.079,,1,-0.7,0.2,1.5
30,Fred Brown,SG,33,SEA,82,1785,15.2,0.501,0.089,0.149,2.6,5.8,4.3,20.1,1.9,0.1,9.5,23.6,,1.7,2.2,3.9,0.104,,0.3,-0.2,0.1,0.9
31,Rickey Brown,C,23,GSW,82,1260,11.2,0.498,0,0.292,11.6,20.1,15.8,2,1.4,1.3,15.1,17.8,,0.4,1.4,1.8,0.068,,-3.5,-1,-4.6,-0.8
32,Joe Bryant,SF,27,SDC,75,1988,12.8,0.546,0.043,0.352,4.6,12,8.2,13.1,1.9,0.8,18.4,20.3,,1,0.5,1.5,0.036,,-1,-0.9,-2,0
33,Quinn Buckner,PG,27,MIL,70,2156,14.4,0.506,0.018,0.204,4.3,8.9,6.6,21.4,3.9,0.1,16.7,20.5,,0.7,3.9,4.6,0.103,,-1.2,2.1,0.9,1.6
34,Roger Burkman,SG,23,CHI,6,30,15.5,0.377,0.25,1.5,7.9,14.5,11.3,19.7,9.7,3.7,31.1,13.5,,0,0.1,0.1,0.093,,-3.9,2,-2,0.1
35,David Burns,PG,23,TOT,9,87,3.6,0.509,0,0.938,1.3,5,3.1,19.5,1.5,0,36.5,15.8,,-0.2,0,-0.1,-0.071,,-4.5,-0.5,-5,-0.1
35,David Burns,PG,23,NJN,3,34,0.9,0.458,0,1.2,0,6.7,3.3,14.2,1.4,0,39.6,14.8,,-0.1,0,-0.1,-0.094,,-4.7,-0.2,-4.9,-0.1
35,David Burns,PG,23,DEN,6,53,5.3,0.535,0,0.818,2.1,3.9,3,22.8,1.6,0,34.8,16.5,,-0.1,0,-0.1,-0.056,,-4.4,-0.7,-5.1,-0.1
36,Don Buse,PG,31,IND,82,2529,14.8,0.539,0.276,0.18,1.9,7.8,4.8,22.5,3.2,0.6,11.4,13.7,,3.7,3.4,7.1,0.135,,0.3,2.3,2.6,2.9
37,Kenny Carr,PF,26,TOT,74,1926,14.7,0.543,0.014,0.436,9.2,22.4,15.5,6.5,1.6,0.6,15.6,20.6,,1.3,1.6,2.9,0.073,,-1,-0.8,-1.9,0.1
37,Kenny Carr,PF,26,CLE,46,1482,15.3,0.554,0.017,0.42,8.2,22.7,15,6.3,1.9,0.6,15.3,20.4,,1.1,1.2,2.3,0.075,,-0.6,-0.6,-1.2,0.3
37,Kenny Carr,PF,26,DET,28,444,12.7,0.507,0.006,0.488,12.7,21.4,16.9,7.2,0.6,0.7,16.4,21.5,,0.1,0.4,0.6,0.063,,-2.4,-1.7,-4.1,-0.2
38,M.L. Carr,SF,31,BOS,56,1296,11.9,0.495,0.042,0.284,4.9,7.8,6.4,12.6,2.4,0.9,12,16.2,,1,1.8,2.8,0.103,,-1.2,1.8,0.5,0.8
39,Joe Barry Carroll,C,23,GSW,76,2627,15.9,0.557,0.001,0.318,8.6,17.9,13.1,3.4,1.2,2.7,15.1,20.9,,2.6,2.9,5.5,0.1,,-0.4,-0.4,-0.8,0.8
40,Butch Carter,SG,23,IND,75,1035,11.1,0.511,0.062,0.174,3.1,5.3,4.1,8.8,1.6,0.6,11.1,19.6,,0.3,0.9,1.3,0.059,,-2.3,-0.3,-2.6,-0.2
41,Reggie Carter,SG,24,NYK,75,923,9.4,0.479,0,0.286,4.3,7.6,5.9,18.5,1.9,0.4,19.8,17.6,,-0.3,0.6,0.3,0.016,,-3.1,-0.4,-3.5,-0.3
42,Bill Cartwright,C,24,NYK,72,2060,16.3,0.616,0,0.486,6.3,17.3,11.7,6,1.1,1.8,16.5,20.2,,3.2,1.8,5,0.116,,0.4,-0.4,0,1.1
43,Harvey Catchings,PF,30,MIL,80,1603,8.1,0.45,0,0.308,9.6,15.6,12.7,7.2,1.3,4.8,27,8.9,,-0.6,3,2.3,0.07,,-3.2,2.8,-0.4,0.6
44,Bobby Cattage,PF,23,UTA,49,337,10.5,0.49,0.015,0.304,6.9,16.6,11.6,2.8,1,0,10.5,20.3,,0.1,0.1,0.2,0.028,,-3.8,-2.4,-6.2,-0.4
45,Tom Chambers,PF,22,SDC,81,2682,15,0.553,0.002,0.434,9.1,16,12.5,7.9,1,1,14.9,22.4,,2.9,0.4,3.3,0.059,,-0.2,-2,-2.2,-0.1
46,Maurice Cheeks*,PG,25,PHI,79,2498,18.3,0.57,0.033,0.325,2.4,8.5,5.6,34.7,4,0.8,19.2,16,,4.6,4,8.6,0.166,,1.8,2.4,4.2,3.9
47,Jim Chones,C,32,WSB,59,867,8.6,0.481,0,0.269,5,18.1,11.7,9.6,0.8,2.1,17.7,11.2,,0,1.4,1.4,0.076,,-3.1,2.2,-0.9,0.2
48,Don Collins,SG,23,WSB,79,1609,15.1,0.543,0.018,0.259,7,6.3,6.7,14.2,2.7,0.8,15.7,22.4,,0.9,2.5,3.4,0.101,,-0.3,1.6,1.3,1.3
49,Darwin Cook,PG,23,NJN,82,2090,13.7,0.514,0.039,0.202,2.8,5.6,4.2,21.8,3.3,0.7,16.7,20,,0.7,3.2,3.9,0.089,,-0.9,1.6,0.7,1.4
50,Jeff Cook,PF,25,PHO,76,1298,10.2,0.469,0.006,0.374,9.8,15.7,12.8,10,1.4,1,16.1,15.8,,0,2,2,0.073,,-2.7,0.2,-2.5,-0.2
51,Joe Cooper,C,24,NJN,1,11,1.3,0.5,0,0,10.2,10.4,10.3,0,0,0,33.3,10.9,,0,0,0,-0.026,,-4.6,-0.2,-4.8,0
52,Michael Cooper,SG,25,LAL,76,2197,14.3,0.556,0.023,0.231,4.3,8.8,6.7,12.9,2.5,1.5,15.6,17.5,,2.4,2.6,5,0.109,,-0.3,1.2,0.9,1.6
53,Wayne Cooper,C,25,DAL,76,1818,13.8,0.461,0.012,0.239,12.1,22.8,17.3,9,1,3.4,10.6,18.7,,0.9,1.9,2.9,0.076,,-1.8,-0.2,-2,0
54,Hollis Copeland,SF,26,NYK,18,118,7.5,0.455,0,0.158,2.9,2,2.4,10.1,1.6,1,9,15.6,,0,0.1,0.1,0.029,,-3.8,-0.1,-4,-0.1
55,Dave Corzine,C,25,SAS,82,2189,14.9,0.561,0.006,0.329,10.3,20.5,15.4,7.6,0.7,3.2,15.8,16,,2.6,2.5,5.2,0.113,,-0.1,0.2,0.1,1.1
56,Charlie Criss,PG,33,TOT,55,1392,13.3,0.524,0.058,0.319,1.1,5.9,3.4,19.2,1.5,0.3,12.6,19.5,,1.6,0.4,2.1,0.072,,-0.2,-1.1,-1.3,0.2
56,Charlie Criss,PG,33,ATL,27,552,13.6,0.485,0.038,0.348,1.2,6.6,3.9,20.7,2.1,0.2,11,21.4,,0.4,0.6,1,0.089,,-0.8,0.3,-0.5,0.2
56,Charlie Criss,PG,33,SDC,28,840,13.1,0.552,0.073,0.299,1,5.4,3.1,18.1,1.2,0.3,13.8,18.3,,1.2,-0.2,1.1,0.061,,0.2,-2.1,-1.8,0
57,Geoff Crompton,C,26,MIL,35,203,3.6,0.363,0,0.469,5.9,16.9,11.6,7.6,1.4,3.4,30.6,11.3,,-0.4,0.4,0,-0.011,,-5.8,1.5,-4.3,-0.1
58,Pat Cummings,PF,25,MIL,78,1132,11.1,0.537,0.005,0.212,6.4,17.9,12.4,12.5,0.9,0.5,18.7,21,,0.1,1.7,1.8,0.078,,-3.5,-0.1,-3.6,-0.5
59,Earl Cureton,PF,24,PHI,66,956,12.8,0.502,0.007,0.307,11.1,20.3,15.9,4.4,1.5,1.6,11.2,17,,0.6,1.5,2.1,0.103,,-2.1,-0.5,-2.6,-0.1
60,Bob Dandridge,SF,34,MIL,11,174,5.2,0.416,0,0.309,2.7,8.3,5.6,9.7,1.4,0.7,15,17.4,,-0.2,0.2,0,0.003,,-4.5,-0.3,-4.8,-0.2
61,Adrian Dantley*,SF,26,UTA,81,3222,24.2,0.631,0.002,0.516,7.6,9.6,8.6,15.5,1.4,0.2,13.3,27.9,,11.9,0.7,12.6,0.187,,5.8,-1.7,4.1,5
62,Brad Davis,PG,26,DAL,82,2614,14.5,0.569,0.064,0.298,1.5,8.6,4.9,27.5,1.4,0.1,15.4,16.2,,4.4,1,5.4,0.1,,0.6,-0.8,-0.2,1.2
63,Charles Davis,SF,23,WSB,54,575,10.7,0.514,0.011,0.201,10.5,14.8,12.6,7.7,0.8,1.3,17.7,17.7,,0,0.8,0.9,0.072,,-2.9,0.3,-2.6,-0.1
64,Johnny Davis,SG,26,IND,82,2664,15.2,0.526,0.023,0.342,2.9,4.4,3.6,20.4,1.4,0.2,12.3,23.7,,3,2.1,5.1,0.091,,0.6,-1.1,-0.6,1
65,Ron Davis,SF,27,SDC,7,67,6.6,0.416,0,0.24,12.1,11,11.6,8,0,0,15.3,19.8,,-0.1,0,-0.1,-0.066,,-3.6,-1.5,-5.2,-0.1
66,Walter Davis,SF,27,PHO,55,1182,18.3,0.553,0.024,0.166,2,7.5,4.8,23.3,1.9,0.1,13.5,29,,1.2,1.4,2.7,0.109,,1.4,-0.6,0.8,0.8
67,Darryl Dawkins,C,25,PHI,48,1124,15,0.601,0.005,0.447,7.1,22.8,15.3,6.7,0.8,2.8,17.9,19.8,,1.1,1.8,2.9,0.122,,-2,0.4,-1.6,0.1
68,Larry Demic,PF,24,NYK,48,356,5.7,0.459,0.012,0.47,9.1,16.4,12.7,5,0.5,1,20.6,14.6,,-0.4,0.2,-0.1,-0.017,,-5.3,-1.2,-6.5,-0.4
69,Kenny Dennard,PF,23,KCK,30,607,11.1,0.541,0,0.331,8.5,16.3,12.3,8.6,2.7,0.8,20.2,11.7,,0.3,0.8,1.1,0.084,,-1.6,1.6,0,0.3
70,Coby Dietrick,C,33,CHI,74,999,10.8,0.496,0.005,0.27,7.5,13.6,10.7,11.5,2.4,1.7,16.4,11.2,,0.5,1.1,1.7,0.08,,-1.3,2,0.7,0.7
71,Mickey Dillard,PG,23,CLE,33,221,7,0.41,0.051,0.291,2.9,4.9,3.8,21.1,1.8,0.5,16,19.8,,-0.3,0,-0.2,-0.051,,-4.9,-0.9,-5.8,-0.3
72,James Donaldson,C,24,SEA,82,1710,16,0.63,0,0.573,9.1,21.6,15.6,4.1,0.8,4.5,18,15.5,,2.2,3.4,5.6,0.156,,-0.5,1.7,1.2,1.4
73,John Douglas,SG,25,SDC,64,1031,12.1,0.515,0.152,0.262,3,7.5,5.2,19.6,2.2,0.5,17.5,20.8,,0.3,0.2,0.5,0.022,,-1.5,-1.1,-2.5,-0.1
74,Leon Douglas,C,27,KCK,63,1093,6.5,0.491,0,0.571,11.1,18.9,14.9,3.8,0.6,2,23.9,8.6,,-0.1,1.1,1,0.044,,-4.2,0,-4.2,-0.6
75,John Drew,SF,27,ATL,70,2040,18.1,0.553,0.013,0.513,9.3,11.5,10.4,8.1,1.6,0.1,13.2,28.7,,3.2,2.4,5.5,0.13,,1.4,-1.1,0.3,1.2
76,Larry Drew,PG,23,KCK,81,1973,15.3,0.52,0.036,0.25,1.7,7,4.2,29.3,2.6,0,17.2,21,,1.3,1.7,3,0.074,,0.4,-0.3,0.1,1
77,Terry Duerod,SG,25,BOS,21,146,12.5,0.438,0.013,0.156,4.6,6.6,5.7,11.9,1,0.4,2.4,23.1,,0.1,0.1,0.2,0.071,,-2.2,-0.7,-2.9,0
78,Mike Dunleavy,SG,27,HOU,70,1315,13.2,0.524,0.191,0.236,1.9,7,4.4,23.7,1.7,0.1,13.9,17.9,,1.8,0.7,2.6,0.093,,-0.5,-0.5,-1,0.3
79,T.R. Dunn,SG,26,DEN,82,2519,12.1,0.559,0.002,0.427,9.2,14.4,11.9,8.3,2.3,0.7,17,10.9,,2.9,1.1,4,0.076,,0.7,-0.1,0.6,1.7
80,John Duren,PG,23,UTA,79,1056,7,0.478,0.041,0.138,1.4,7.3,4.3,18.2,0.9,0.2,20.2,13.5,,-0.3,0,-0.3,-0.013,,-4,-1.8,-5.8,-1
81,Craig Dykema,SF,22,PHO,32,103,11.1,0.525,0.108,0.243,3.3,9.4,6.4,20.2,0.9,0,14.6,19.2,,0.1,0.1,0.2,0.095,,-3.3,-0.1,-3.4,0
82,Franklin Edwards,PG,22,PHI,42,291,13.7,0.463,0.06,0.18,4,6.3,5.2,22.5,2.6,1,12.9,26.6,,-0.1,0.4,0.2,0.041,,-2.4,-0.2,-2.7,0
83,James Edwards,C,26,CLE,77,2539,15.8,0.545,0.004,0.328,7.9,18.6,12.9,7.4,0.5,2.6,12.1,21.8,,3,1.3,4.3,0.08,,-0.4,-0.8,-1.2,0.5
84,Len Elmore,C,29,NJN,81,2100,11.8,0.506,0,0.261,8.9,14.9,11.9,6.4,2,2.6,15.8,16.4,,0.5,3.6,4.1,0.094,,-2.2,1.4,-0.8,0.6
85,Alex English*,SF,28,DEN,82,3015,22.2,0.596,0.005,0.285,7.7,12,9.9,19.9,1.3,2,13,25.3,,8.9,0.6,9.5,0.152,,4.9,-1.1,3.8,4.4
86,Julius Erving*,SF,31,PHI,81,2789,25.9,0.593,0.008,0.377,9.3,13,11.2,18.1,2.8,2.9,11.4,28.1,,8.7,4.6,13.3,0.229,,6,1.7,7.7,6.8
87,Mike Evans,PG,26,TOT,22,270,7.3,0.438,0.07,0.233,2.1,7.2,4.6,21,2.3,0,21.5,18.4,,-0.4,0.3,-0.1,-0.013,,-4.1,0.1,-4,-0.2
87,Mike Evans,PG,26,MIL,14,196,7.2,0.498,0.039,0.235,1.8,5.1,3.5,14.5,2.2,0,21,15,,-0.1,0.2,0.2,0.041,,-3.9,0.4,-3.6,-0.1
87,Mike Evans,PG,26,CLE,8,74,7.5,0.35,0.114,0.229,2.9,13,7.6,38,2.6,0,22.2,27.6,,-0.3,0,-0.2,-0.158,,-4.4,-0.8,-5.2,-0.1
88,Eric Fernsten,C,28,BOS,43,202,8.1,0.458,0,0.612,6.7,16,11.5,4.8,1.2,1.9,17.3,14.9,,-0.1,0.3,0.2,0.047,,-3.6,0.4,-3.2,0
89,Chris Ford,SG,33,BOS,76,1591,7.8,0.458,0.14,0.124,3.7,3.8,3.7,11.1,1.2,0.3,9.9,13.3,,0.7,1.4,2.1,0.063,,-2.2,0.2,-2,0
90,Don Ford,SF,29,CLE,21,201,3.7,0.432,0.042,0.25,7.4,12.6,9.8,6.7,1.9,0,36,8.5,,-0.2,0.1,-0.1,-0.035,,-4.8,0,-4.8,-0.2
91,Phil Ford,PG,25,KCK,72,1952,11.4,0.494,0.049,0.256,1.3,4.8,3,30.4,1.5,0,21.2,19.2,,-0.2,1.1,0.9,0.021,,-1,-2,-3,-0.5
92,World B. Free,SG,28,GSW,78,2796,18.2,0.515,0.039,0.446,4.5,5.2,4.8,21.7,1.2,0.2,10.7,28,,5.6,1.3,6.9,0.118,,2.4,-1.9,0.5,1.8
93,Mike Gale,PG,31,GSW,75,1793,10.9,0.524,0.013,0.174,2.2,9.4,5.7,17.8,3.2,0.9,23.9,11.9,,0.3,2.1,2.4,0.063,,-2,2.3,0.4,1.1
94,Calvin Garrett,SF,25,HOU,51,858,8.4,0.454,0.041,0.107,3.4,8.9,6.1,11.6,1.8,0.4,13,13.9,,0,0.6,0.6,0.035,,-3.3,0.4,-3,-0.2
95,George Gervin*,SG,29,SAS,79,2817,24.2,0.562,0.018,0.323,5.2,9.7,7.5,11.4,1.3,0.9,8.5,35,,8.7,2,10.7,0.182,,5.4,-1.5,3.9,4.2
96,Artis Gilmore*,C,32,CHI,82,2796,22.4,0.702,0.001,0.659,9.5,23.7,16.9,7.5,0.8,4.3,17.4,19.6,,8.3,3.8,12.1,0.208,,3,1.3,4.3,4.4
97,Mike Glenn,SG,26,ATL,49,833,16,0.587,0.007,0.23,0.7,7.6,4.1,16.9,1.6,0.2,7.8,18.1,,2,0.8,2.8,0.161,,0.7,0.9,1.6,0.8
98,Mike Gminski,C,22,NJN,64,740,15.3,0.52,0,0.437,10.6,17.9,14.2,7.7,1.1,3.8,14.8,20.4,,0.6,1.2,1.8,0.119,,-0.6,0.7,0.1,0.4
99,Glen Gondrezick,SF,26,DEN,80,1699,14.9,0.559,0.006,0.438,9.1,17.4,13.3,10.4,2.4,1.1,14.5,15.4,,2.6,1,3.6,0.102,,0.5,0,0.4,1
100,Rickey Green,PG,27,UTA,81,2822,17.4,0.531,0.008,0.26,3.2,6.1,4.6,29.7,3,0.2,14.9,18.8,,4.3,1.4,5.7,0.096,,1.8,-0.3,1.4,2.4
101,Dave Greenwood,PF,24,CHI,82,2914,15.5,0.525,0.003,0.287,7.8,22.2,15.3,13.2,1.2,1.8,13.6,19,,3.2,3.2,6.5,0.107,,0.1,0.5,0.6,1.9
102,Kevin Grevey,SG,28,WSB,71,2164,11.7,0.502,0.096,0.225,2.9,6.8,4.9,10.1,1,0.6,9.2,20.1,,1.2,2.4,3.6,0.08,,-1.1,-0.1,-1.2,0.4
103,Paul Griffin,PF,28,SAS,23,459,8.5,0.535,0,0.561,6.8,15.4,11.1,13.6,2,1,32.7,10.6,,-0.1,0.5,0.4,0.04,,-2.9,1.4,-1.5,0.1
104,Darrell Griffith,SG,23,UTA,80,2597,15.8,0.511,0.036,0.19,5.2,7.5,6.3,10.8,1.7,0.7,11.1,26.8,,1.4,0.7,2.1,0.038,,0.2,-2.1,-1.9,0
105,Bob Gross,SF,28,POR,59,1377,13.8,0.581,0.019,0.323,8.3,12.7,10.5,11.5,2.6,1.7,19.3,13.6,,1.5,1.6,3.1,0.108,,0.3,1.5,1.8,1.3
106,Ernie Grunfeld,SG,26,KCK,81,1892,17.2,0.558,0.017,0.279,3.2,7.7,5.4,21.3,1.8,1.2,13.8,23.1,,2.8,1.5,4.3,0.11,,1.7,0,1.7,1.8
107,Pétur Guðmundsson,C,23,POR,68,845,7.9,0.549,0.006,0.458,6.8,17.7,12.3,8.5,0.7,2,26.8,13.2,,-0.2,0.8,0.6,0.032,,-4.4,0.5,-3.9,-0.4
108,Glenn Hagan,PG,26,DET,4,25,18.1,0.47,0,0.143,8.5,9.1,8.8,41.1,5.5,0,11.8,13.2,,0.1,0,0.1,0.201,,-3.6,0.9,-2.7,0
109,Bill Hanzlik,SF,24,SEA,81,1974,9.6,0.543,0.011,0.493,5.6,8.9,7.3,11.6,2,0.8,19.6,11.3,,1.3,2.9,4.1,0.1,,-2.4,1.7,-0.6,0.7
110,Alan Hardy,SG,24,DET,38,310,10.5,0.477,0.037,0.213,4.8,7.3,6,9.2,1.3,0.7,11.9,21.3,,0,0.2,0.2,0.028,,-2.7,-1,-3.7,-0.1
111,James Hardy,SF,25,UTA,82,1814,11.4,0.515,0.003,0.252,8.9,19.1,13.9,7.3,1.5,2,16,10.8,,1.2,1.3,2.5,0.066,,-0.9,0.2,-0.7,0.6
112,Mike Harper,PF,24,POR,68,1433,12.2,0.531,0.003,0.414,10,16.4,13.2,4.8,1.8,3.2,17.4,15.2,,0.6,1.8,2.4,0.08,,-2.4,0.7,-1.7,0.1
113,Joe Hassett,SG,26,GSW,68,787,13.4,0.49,0.56,0.097,1.8,5.6,3.7,17.9,1.8,0.2,8.3,22.2,,1.1,0.5,1.6,0.098,,1,-0.8,0.1,0.4
114,Steve Hawes,PF,31,ATL,49,1317,14.5,0.536,0.027,0.341,7.6,19.9,13.8,16,1.4,1.6,17,16.9,,1.2,2.1,3.2,0.118,,0.2,1.6,1.8,1.3
115,Elvin Hayes*,PF,36,HOU,82,3032,14.4,0.513,0.005,0.384,9.4,18.1,13.6,6.6,1,1.9,13.9,20.2,,2.3,2.9,5.1,0.081,,-0.6,-0.7,-1.4,0.5
116,Steve Hayes,C,26,TOT,35,487,10.7,0.521,0,0.477,8.5,18,13.1,7.3,0.4,2.3,12.4,12.3,,0.5,0.5,0.9,0.092,,-1.9,0.2,-1.6,0
116,Steve Hayes,C,26,SAS,9,75,9.7,0.494,0,0.667,10,14.3,12.1,6.4,0.6,1.5,7.9,13.4,,0.1,0.1,0.2,0.099,,-3.5,-0.2,-3.8,0
116,Steve Hayes,C,26,DET,26,412,10.9,0.527,0,0.441,8.3,18.7,13.3,7.4,0.3,2.4,13.3,12.1,,0.4,0.4,0.8,0.091,,-1.6,0.3,-1.2,0.1
117,Spencer Haywood*,PF,32,WSB,76,2086,13.2,0.535,0.004,0.314,7.7,14.3,11.1,4.6,1,1.8,15.6,22.4,,0.4,3.2,3.6,0.083,,-1.9,0.1,-1.8,0.1
118,Gerald Henderson,PG,26,BOS,82,1844,13.2,0.534,0.017,0.244,2.9,6.1,4.5,18.6,2.1,0.3,16.1,20.2,,1.4,2.2,3.6,0.094,,-1.1,0.5,-0.6,0.6
119,Tom Henderson,SG,30,HOU,75,1721,11,0.502,0.005,0.372,2,7,4.4,22.8,1.6,0.2,18.3,13.7,,1.2,0.9,2.1,0.059,,-1.4,-0.4,-1.9,0.1
120,Keith Herron,SG,25,CLE,30,269,6.8,0.388,0.009,0.075,4,4.9,4.4,12,1.4,0.4,9.9,18.6,,-0.3,0,-0.3,-0.052,,-4.1,-1.3,-5.4,-0.3
121,Kenny Higgs,PG,27,DEN,76,1696,10.8,0.513,0.045,0.421,1.5,7.4,4.5,26.3,1.9,0.2,22,15.9,,0.9,0.1,1,0.028,,-2.1,-1.8,-3.9,-0.8
122,Armond Hill,PG,28,TOT,40,723,5.5,0.483,0.016,0.437,1.9,6.3,4.1,17.8,1.4,0.4,30.5,12.2,,-0.6,0.2,-0.4,-0.024,,-4.2,-1.1,-5.3,-0.6
122,Armond Hill,PG,28,SEA,21,243,7.4,0.584,0,0.622,2.8,8.2,5.6,12.8,1,0.5,22.9,10.4,,0.1,0.3,0.4,0.083,,-3.7,0.7,-3,-0.1
122,Armond Hill,PG,28,SDC,19,480,4.6,0.437,0.022,0.36,1.4,5.4,3.3,20.4,1.6,0.4,33.5,13.2,,-0.7,0,-0.8,-0.078,,-4.4,-2,-6.5,-0.5
123,Brad Holland,SG,25,TOT,14,194,6.8,0.353,0.038,0.077,3.4,3.9,3.7,12.7,2.7,0.3,9,19.1,,-0.4,0.3,-0.1,-0.025,,-3.8,0.9,-2.9,-0.1
123,Brad Holland,SG,25,WSB,13,185,8.2,0.381,0.041,0.055,3.6,4.1,3.8,12.2,2.9,0.3,8.6,18.5,,-0.2,0.3,0,0.005,,-3.7,1,-2.7,0
123,Brad Holland,SG,25,MIL,1,9,-21.5,0,0,0.4,0,0,0,24.8,0,0,14.5,31.4,,-0.1,0,-0.1,-0.649,,-5.4,-0.6,-6,-0.1
124,Lionel Hollins,PG,28,PHI,81,2257,12.5,0.508,0.02,0.236,1.8,7.3,4.7,18.9,2.2,0.5,14.2,18.9,,0.9,2.5,3.4,0.072,,-1.5,0.1,-1.4,0.3
125,Cedrick Hordges,PF,25,DEN,77,1372,10.4,0.525,0.031,0.481,9.5,21,15.4,5.5,0.8,0.7,18.1,17,,0.3,0.5,0.7,0.026,,-2.8,-2.2,-5,-1
126,Phil Hubbard,SF,25,TOT,83,1839,13.4,0.535,0.006,0.421,10.8,18,14.3,7,1.7,0.6,17,20.6,,0.9,1.7,2.6,0.069,,-1.9,-0.8,-2.7,-0.3
126,Phil Hubbard,SF,25,DET,52,1104,13.5,0.54,0.007,0.398,9.7,17.5,13.5,8.5,1.6,0.8,17,20.5,,0.6,1.2,1.8,0.08,,-1.8,-0.4,-2.1,0
126,Phil Hubbard,SF,25,CLE,31,735,13.3,0.527,0.004,0.459,12.5,18.8,15.4,4.7,1.8,0.2,16.8,20.7,,0.3,0.5,0.8,0.052,,-2.1,-1.6,-3.7,-0.3
127,Geoff Huston,PG,24,CLE,78,2409,14,0.53,0.015,0.298,2.3,4.8,3.5,33.8,1.4,0.3,18.4,15.9,,2.9,0.1,3,0.06,,0.9,-1.9,-0.9,0.7
128,Dan Issel*,C,33,DEN,81,2472,23.1,0.608,0.005,0.53,7.7,18.3,13.2,9.8,1.2,1.1,10,26,,9,0.8,9.8,0.19,,4,-1.8,2.2,2.6
129,Tracy Jackson,SG,22,TOT,49,478,11.8,0.506,0,0.285,8.6,6.4,7.4,8.1,1.4,0.3,11,18.9,,0.4,0.3,0.7,0.072,,-1.4,-1,-2.4,0
129,Tracy Jackson,SG,22,BOS,11,66,9.8,0.428,0,0.385,12,8.1,10,9.8,2.2,0,16.5,22.1,,-0.1,0.1,0,0.012,,-3.5,-0.3,-3.8,0
129,Tracy Jackson,SG,22,CHI,38,412,12.2,0.521,0,0.267,8.1,6.1,7,7.9,1.3,0.4,9.9,18.4,,0.5,0.2,0.7,0.081,,-1,-1.1,-2.2,0
130,Clay Johnson,SG,25,LAL,7,65,12.8,0.552,0,0.3,13.9,6.5,10.1,13.2,2.1,2.5,23.6,18.1,,0,0.1,0.1,0.072,,-2.9,0.3,-2.6,0
131,Clemon Johnson,C,25,IND,79,1979,15,0.516,0,0.295,9.9,21.7,15.6,9.4,1.5,3.3,16,18.2,,0.7,3.4,4,0.098,,-1.3,1.2,-0.1,0.9
132,Dennis Johnson*,SG,27,PHO,80,2937,16.7,0.54,0.034,0.403,5.5,9.8,7.7,18.3,1.7,1.1,13.9,23.6,,4.1,4,8.1,0.132,,1.2,0.1,1.3,2.5
133,Eddie Johnson,SG,26,ATL,68,2314,16.5,0.513,0.03,0.381,3.1,6.3,4.7,25.3,2.2,0.4,13.6,25.6,,2.2,2.6,4.8,0.1,,1.2,0,1.2,1.9
134,Eddie Johnson,SF,22,KCK,74,1517,13.1,0.487,0.017,0.232,9.2,14.8,11.9,10.1,1.6,0.5,12,21.7,,0.3,1.4,1.8,0.056,,-1.4,-0.9,-2.4,-0.1
135,Frank Johnson,PG,23,WSB,79,2027,12,0.467,0.097,0.251,1.9,6,4,27.1,1.8,0.2,15.1,21.9,,-0.5,2.5,2.1,0.049,,-1.6,-0.2,-1.8,0.1
136,George Johnson,C,33,SAS,75,1578,10.6,0.504,0,0.328,10.3,20.5,15.4,5.7,0.6,8.2,29.2,7.9,,-0.1,2.6,2.5,0.076,,-3.1,3.5,0.4,1
137,George Johnson,PF,25,IND,59,720,12.3,0.46,0.007,0.275,10.6,22.3,16.3,8.2,2.4,2,17.3,22.8,,-0.8,1.4,0.6,0.04,,-4.7,0.6,-4.1,-0.4
138,John Johnson,SF,34,SEA,14,187,9.8,0.548,0,0.444,1.8,8.4,5.2,20.2,1,0.9,24,15.7,,0,0.2,0.2,0.062,,-2.5,0.3,-2.2,0
139,Magic Johnson*,SG,22,LAL,78,2991,22.9,0.59,0.028,0.418,9.5,17.5,13.7,31,3.2,0.6,18.9,20.1,,8.1,4.8,12.9,0.207,,4.9,2.3,7.2,7
140,Marques Johnson,SF,25,MIL,60,1900,18,0.566,0.005,0.342,9.6,12.3,11,16.4,1.5,1.1,14.2,22.1,,3.5,2.7,6.2,0.158,,2.9,0,2.9,2.3
141,Mickey Johnson,PF,29,MIL,76,1934,16.4,0.553,0.009,0.384,8.2,18.3,13.5,15.8,1.8,1.3,17.8,22.9,,2.1,3.4,5.5,0.136,,0.3,0.9,1.2,1.6
142,Ollie Johnson,SF,32,PHI,26,150,12.4,0.534,0.056,0.13,5.5,10.8,8.3,9.1,4.1,1.2,18.6,19.5,,0,0.3,0.2,0.076,,-3.5,1.4,-2.1,0
143,Reggie Johnson,PF,24,TOT,75,1904,14.2,0.561,0.002,0.236,7.9,18.6,13.1,5.4,0.8,1.8,12,17.7,,2.3,1.6,3.9,0.099,,-0.8,-0.6,-1.4,0.3
143,Reggie Johnson,PF,24,SAS,21,504,13.7,0.52,0,0.206,9.1,20,14.6,5.3,0.7,1.7,10.9,18.8,,0.5,0.5,1,0.095,,-1.3,-1.1,-2.4,0
143,Reggie Johnson,PF,24,CLE,23,617,12.7,0.574,0,0.251,7.4,16,11.4,5,0.5,1.6,11,14.6,,0.9,0.2,1.1,0.085,,-0.8,-0.9,-1.7,0
143,Reggie Johnson,PF,24,KCK,31,783,15.7,0.581,0.003,0.246,7.5,19.9,13.5,5.7,1.2,2,13.3,19.5,,0.9,0.9,1.8,0.113,,-0.6,0,-0.6,0.3
144,Steve Johnson,C,24,KCK,78,1741,17.6,0.635,0,0.512,9.5,20.3,14.8,7.7,1.1,3,20,23.1,,2.2,2.2,4.4,0.121,,-1.1,0.5,-0.7,0.6
145,Vinnie Johnson,SG,25,TOT,74,1295,14.5,0.537,0.027,0.32,6.8,6.7,6.7,18.1,2,1.1,15.9,18.2,,1.5,1.2,2.7,0.098,,0.7,0.3,1,1
145,Vinnie Johnson,SG,25,SEA,7,104,12,0.495,0.045,0.545,7.6,8.1,7.8,13.3,2.8,1.1,15.5,12.9,,0.1,0.2,0.2,0.114,,-2,1.1,-0.8,0.1
145,Vinnie Johnson,SG,25,DET,67,1191,14.7,0.539,0.026,0.308,6.7,6.6,6.6,18.6,1.9,1.1,16,18.7,,1.4,1,2.4,0.097,,1,0.2,1.2,0.9
146,Bobby Jones*,PF,30,PHI,76,2181,19.3,0.62,0.004,0.452,5.9,14.1,10.1,12,2.2,3,14.1,19.6,,4.8,3.4,8.2,0.181,,2.4,1.7,4.1,3.3
147,Caldwell Jones,C,31,PHI,81,2446,11.3,0.571,0.006,0.471,7.9,24,16.3,5,0.7,3.4,21.6,12.2,,1.1,4.1,5.2,0.102,,-2.1,1,-1.1,0.5
148,Dwight Jones,PF,29,CHI,78,2040,13.4,0.576,0.002,0.416,9.1,18.7,14.1,8,1.2,1,18.6,17.1,,1.8,1.9,3.6,0.086,,-0.8,-0.4,-1.2,0.4
149,Edgar Jones,PF,25,DET,48,802,17.5,0.594,0.008,0.498,9.3,19.3,14.1,6.9,1.6,6.3,17.3,18.6,,1.1,1.3,2.4,0.143,,-1.1,2.7,1.6,0.7
150,Major Jones,PF,28,HOU,60,746,13.4,0.543,0.014,0.362,11.4,18.7,15,4.6,1.3,2.2,16.8,16.3,,0.5,0.8,1.3,0.084,,-1.5,-0.2,-1.7,0.1
151,Eddie Jordan,PG,27,LAL,58,608,12.2,0.479,0.043,0.26,0.7,6.7,3.9,25.6,4.7,0.1,22.2,19.4,,-0.2,0.9,0.7,0.055,,-3.7,2.2,-1.5,0.1
152,Jeff Judkins,SF,25,DET,30,251,7.7,0.427,0.123,0.321,5.9,9,7.4,7.2,1.1,1.1,8.9,15.8,,0,0.2,0.2,0.031,,-3.3,-0.5,-3.8,-0.1
153,Clarence Kea,PF,22,DAL,35,248,11,0.6,0,0.857,11.6,16.7,14,7.5,0.8,0.7,19.2,13.9,,0.4,0.1,0.5,0.097,,-3.1,-0.6,-3.6,-0.1
154,Rich Kelley,C,28,PHO,81,1892,12.5,0.53,0.002,0.442,10.1,18.8,14.5,20.4,1.6,2.1,28.8,18.5,,-0.9,3.4,2.5,0.064,,-2.3,1.9,-0.4,0.8
155,Greg Kelser,SF,24,TOT,60,741,11.8,0.494,0.011,0.59,12,16.3,14.2,10.5,1.2,1.6,19.7,23.4,,-0.3,1.1,0.8,0.05,,-3.5,-0.3,-3.8,-0.4
155,Greg Kelser,SF,24,DET,11,183,10.7,0.466,0.035,0.477,7.5,16.1,11.7,9.3,1.3,2.1,17.5,26.9,,-0.2,0.2,0,-0.007,,-4,-0.6,-4.6,-0.2
155,Greg Kelser,SF,24,SEA,49,558,12.2,0.506,0,0.643,13.5,16.3,15,10.9,1.1,1.4,20.7,22.2,,-0.1,0.9,0.8,0.068,,-3.3,-0.2,-3.5,-0.2
156,Larry Kenon,PF,29,CHI,60,1036,11.2,0.481,0,0.214,8.2,11.3,9.9,9.5,1.4,0.4,15.4,21.6,,-0.5,0.7,0.2,0.009,,-1.8,-1.7,-3.5,-0.4
157,Albert King,SF,22,NJN,76,1694,13.5,0.517,0.016,0.211,6.9,14,10.4,12.8,1.8,1.2,16.9,25.1,,-0.2,2.6,2.4,0.067,,-1.9,0.2,-1.7,0.1
158,Bernard King*,SF,25,GSW,79,2861,19.8,0.6,0.004,0.382,5.2,12.8,8.9,14.9,1.3,0.4,14.9,25.3,,6.6,2.2,8.7,0.147,,2.9,-0.6,2.2,3.1
159,Reggie King,SF,24,KCK,80,2609,13,0.551,0,0.379,6.8,16,11.2,8.7,1.5,0.6,15,16.2,,2.2,2.5,4.8,0.087,,-0.3,-0.1,-0.4,1
160,Billy Knight,SF,29,IND,81,1803,16.7,0.562,0.042,0.369,5.7,9.8,7.7,10.4,1.7,0.4,13.4,23.7,,2.4,1.9,4.3,0.115,,1.1,-0.5,0.6,1.2
161,Toby Knight,SF,26,NYK,40,550,13,0.57,0,0.137,6.7,10.4,8.5,5.9,1.2,1.2,9.8,16.1,,0.8,0.3,1.1,0.099,,-0.6,-0.5,-1.1,0.1
162,Joel Kramer,PF,26,PHO,56,549,10.4,0.472,0,0.316,7.5,14.2,10.9,11.8,1.7,1.1,14.6,13.3,,0.2,0.8,1,0.092,,-1.8,1.1,-0.8,0.2
163,Kevin Kunnert,C,30,POR,21,237,6.4,0.442,0,0.354,9.5,21.5,15.5,9.1,0.6,1.4,24.5,12.7,,-0.2,0.2,0,0.009,,-4.8,0,-4.8,-0.2
164,Mitch Kupchak,PF,27,LAL,26,821,15.2,0.598,0,0.367,8.8,18.7,13.9,5,0.7,0.6,12.2,17.1,,1.5,0.8,2.4,0.139,,0.4,-1.2,-0.8,0.2
165,Sam Lacey,C,33,TOT,56,670,7.4,0.473,0.006,0.24,3.3,14.8,9,14.6,1.5,3.3,24.7,13.5,,-0.6,1.1,0.6,0.041,,-5,2.7,-2.2,0
165,Sam Lacey,C,33,KCK,2,20,15.6,0.51,0,0.4,0,23.1,11.2,26.4,4.7,2.9,25.4,16.1,,0,0,0,0.058,,-3.7,0.8,-2.8,0
165,Sam Lacey,C,33,NJN,54,650,7.2,0.471,0.007,0.235,3.4,14.6,9,14.3,1.4,3.3,24.7,13.4,,-0.5,1.1,0.5,0.04,,-5,2.8,-2.2,0
166,Tom LaGarde,C,26,DAL,47,909,7.6,0.456,0.007,0.617,7.7,19.1,13.2,7.3,0.9,1.1,19.3,19.2,,-1.2,0.7,-0.5,-0.028,,-5.1,-1.3,-6.4,-1
167,Bill Laimbeer,C,24,TOT,80,1829,15.4,0.563,0.024,0.433,13.6,24.3,18.7,7.4,1,2,15.9,16.6,,2.8,1.9,4.7,0.122,,-0.6,-0.4,-1,0.5
167,Bill Laimbeer,C,24,CLE,50,894,14.2,0.546,0.024,0.474,14.8,20.6,17.5,6.9,1.2,1.9,16.6,16.9,,1.1,0.6,1.8,0.094,,-1.6,-0.8,-2.4,-0.1
167,Bill Laimbeer,C,24,DET,30,935,16.5,0.578,0.025,0.396,12.5,27.8,19.9,7.9,0.8,2,15.3,16.4,,1.6,1.3,2.9,0.149,,0.4,0,0.4,0.6
168,John Lambert,PF,29,TOT,63,764,8.2,0.48,0.036,0.213,7.8,18.2,12.9,6,1.1,1.2,18.2,14,,-0.2,0.8,0.6,0.035,,-3.9,-0.2,-4.1,-0.4
168,John Lambert,PF,29,KCK,42,493,8.1,0.469,0.043,0.201,8,21.3,14.5,6.2,1.1,1.2,20.1,15.7,,-0.4,0.6,0.1,0.014,,-4.4,-0.3,-4.7,-0.3
168,John Lambert,PF,29,SAS,21,271,8.3,0.507,0.017,0.241,7.5,12.7,10.1,5.7,1,1.2,13.5,10.9,,0.2,0.2,0.4,0.072,,-2.9,0,-2.9,-0.1
169,Jeff Lamp,SF,22,POR,54,617,9.8,0.561,0.005,0.311,4.4,7.2,5.8,6,1.2,0.1,16.8,17.8,,0.3,0.3,0.6,0.048,,-2.9,-1.4,-4.3,-0.4
170,Mark Landsberger,PF,26,LAL,75,1134,10.3,0.449,0.006,0.198,16.3,22,19.3,3.3,0.4,0.3,12.1,14.2,,0.5,1.2,1.7,0.072,,-2,-2.8,-4.8,-0.8
171,Bob Lanier*,C,33,MIL,74,1986,17.4,0.596,0.003,0.332,5.5,16.5,11.2,16,1.7,1.6,16.6,20.7,,3.2,3.4,6.6,0.16,,1.6,1.3,2.9,2.5
172,Allen Leavell,PG,24,HOU,79,2150,16.4,0.507,0.039,0.17,2.4,6.3,4.3,29.8,3.4,0.4,15.2,19.1,,2.7,2.1,4.8,0.107,,0.9,1.2,2.1,2.2
173,Rock Lee,C,26,SDC,2,10,1,0.266,0,2,0,12.2,6,25,0,0,0,15.3,,0,0,0,-0.129,,-4.6,0,-4.6,0
174,Ron Lee,PG,29,DET,81,1467,9.7,0.466,0.24,0.484,2.5,9.3,5.8,25.4,3.6,0.8,29.2,11.2,,-0.3,2,1.6,0.053,,-3.2,2.5,-0.7,0.5
175,Ronnie Lester,PG,23,CHI,75,2252,13.8,0.565,0.012,0.39,4,6.7,5.4,22.9,1.7,0.3,19.4,17.8,,2.6,1.3,3.9,0.084,,0.2,-0.6,-0.4,0.9
176,Alton Lister,C,23,MIL,80,1186,11.5,0.531,0,0.429,10.9,26,18.7,9.2,0.7,5.8,27.4,16.3,,-0.9,2.6,1.7,0.071,,-4.3,2.7,-1.6,0.1
177,Lewis Lloyd,SG,22,GSW,16,95,14.8,0.572,0,0.244,10.2,8.2,9.2,9.6,2.5,0.6,21.9,27.1,,0,0.1,0.1,0.043,,-3.1,-0.2,-3.3,0
178,Scott Lloyd,PF,29,DAL,74,1047,5.9,0.441,0.014,0.319,6.3,11.6,8.9,8.5,0.7,0.4,15.4,15.1,,-0.5,0.4,-0.1,-0.004,,-4.8,-1.4,-6.3,-1.1
179,Kevin Loder,SF,22,KCK,71,1139,12.9,0.498,0.025,0.239,6.6,12.8,9.6,10.7,1.4,1.5,12.1,20.2,,0.4,1.1,1.5,0.062,,-1.2,-0.2,-1.4,0.2
180,John Long,SG,25,DET,69,2211,17.4,0.535,0.012,0.213,4.6,8.3,6.4,11,1.4,0.6,10.6,27.9,,3.1,1.6,4.7,0.102,,1.2,-1.4,-0.2,1
181,John Lucas,PG,28,WSB,79,1940,15.2,0.479,0.036,0.285,2.3,7,4.7,39.4,2.4,0.2,18.3,18.4,,1.1,2.7,3.9,0.095,,1.2,0.5,1.7,1.8
182,Maurice Lucas,PF,29,NYK,80,2671,17.9,0.547,0.003,0.349,11.5,27.5,19.3,9.6,1.2,1.5,13,20.5,,4.1,3.2,7.4,0.133,,1.1,-0.5,0.6,1.8
183,Ollie Mack,SG,24,DAL,13,150,7.9,0.352,0.034,0.136,5.9,7.9,6.9,12.7,1.6,0.4,6,18.3,,-0.1,0.1,-0.1,-0.026,,-3,-0.9,-3.9,-0.1
184,Rudy Macklin,SF,23,ATL,79,1516,9.3,0.495,0.006,0.357,8.4,11.2,9.8,4.6,1.3,0.8,16.7,19.2,,-0.4,1.8,1.4,0.043,,-3.5,-0.6,-4.1,-0.8
185,Kyle Macy,PG,24,PHO,82,2845,15.7,0.57,0.106,0.179,3.1,6.9,5.1,18.9,2.4,0.2,10.9,16.6,,5.4,3.8,9.2,0.156,,0.9,1.1,2,2.9
186,Rick Mahorn,PF,23,WSB,80,2664,13.3,0.531,0.004,0.287,6.2,22.4,14.4,8,1,2.9,15,17,,0.8,5.1,5.9,0.107,,-1.8,2.1,0.2,1.5
187,Moses Malone*,C,26,HOU,81,3398,26.8,0.576,0.003,0.454,17.5,21.2,19.3,6.9,1.1,2.1,11.9,29.9,,11.7,3.7,15.4,0.218,,6.2,-1.8,4.5,5.5
188,Wes Matthews,PG,22,ATL,47,837,12.6,0.487,0.027,0.265,2.6,5.3,3.9,25.5,3.2,0.1,15.9,20.5,,0.2,1.1,1.3,0.073,,-2.3,1.3,-1,0.2
189,Cedric Maxwell,SF,26,BOS,78,2590,16,0.616,0.004,0.66,9.5,11.7,10.6,9.2,1.4,1,15.7,17.2,,5.8,3.3,9.1,0.169,,1.6,0.6,2.2,2.7
190,Scott May,SF,27,MIL,65,1187,16.7,0.581,0.01,0.463,8.5,12.4,10.5,15.6,2,0.3,15.5,20.6,,2.4,1.8,4.2,0.171,,1.2,0.6,1.7,1.1
191,Bob McAdoo*,C,30,LAL,41,746,14.4,0.509,0.015,0.382,6.8,16.1,11.6,5.5,1.4,2.6,11.7,23.2,,0.5,1,1.5,0.095,,-2.3,-0.4,-2.7,-0.1
192,John McCullough,SG,25,PHO,8,23,30.7,0.691,0,0.385,4.9,14.1,9.6,26.4,4.2,0,16.5,32.6,,0.1,0,0.1,0.239,,-3,0.6,-2.4,0.1
193,Hank McDowell,PF,22,GSW,30,335,10.5,0.466,0,0.488,13.1,19.5,16.3,7.3,0.8,1.3,17.1,14.8,,0.1,0.3,0.4,0.062,,-2.4,-0.6,-2.9,-0.1
194,Jim McElroy,PG,28,ATL,20,349,9.3,0.476,0.04,0.288,1.9,3.6,2.8,17,1.2,0.5,13.5,20.2,,0,0.3,0.3,0.036,,-2.9,-0.7,-3.6,-0.2
195,Mike McGee,SF,22,LAL,39,352,11.7,0.489,0.023,0.308,10.9,4.5,7.6,6,2.4,0.5,14.8,25.9,,-0.1,0.3,0.2,0.029,,-3.4,-1.7,-5.1,-0.3
196,George McGinnis*,PF,31,IND,76,1341,11.3,0.395,0.008,0.421,7.4,25.2,16.1,20.7,3.5,1.2,22.6,18,,-2.5,2.9,0.4,0.015,,-3.6,3,-0.6,0.5
197,Kevin McHale*,PF,24,BOS,82,2332,16.9,0.568,0,0.283,9.3,16.8,13.1,5.4,0.6,4.3,12.2,19.3,,3.9,3.7,7.5,0.155,,0.4,1.1,1.5,2
198,Kevin McKenna,SG,23,LAL,36,237,2.8,0.355,0.023,0.195,8.6,4.9,6.7,6.8,2,0.4,17.5,19.2,,-0.5,0.2,-0.3,-0.069,,-6.8,-1.4,-8.2,-0.5
199,Billy McKinney,PG,26,DEN,81,1963,14.4,0.565,0.024,0.243,1.6,6,3.9,21.1,1.5,0.4,12.9,17.2,,3.4,-0.1,3.3,0.081,,0.5,-1.6,-1.1,0.4
200,Tom McMillen,C,29,ATL,73,1792,13.1,0.559,0.005,0.297,6.4,14.8,10.6,11.2,0.7,0.8,16.1,18.7,,1.7,2,3.7,0.099,,-0.5,-0.1,-0.6,0.6
201,Joe Meriweather,C,28,KCK,18,380,12.2,0.576,0,0.44,7.2,19.1,13,5.7,1.6,3.2,18.7,14.4,,0.3,0.5,0.8,0.097,,-2.6,1.3,-1.2,0.1
202,Mike Mitchell,SF,26,TOT,84,3063,15.9,0.536,0.005,0.204,8.5,12.4,10.5,4.1,0.9,0.8,8.7,23.2,,4.2,1.7,5.9,0.093,,0.7,-2.1,-1.4,0.4
202,Mike Mitchell,SF,26,CLE,27,973,14.2,0.484,0.012,0.198,7.8,8.6,8.2,6.4,1.3,0.9,9.1,25.5,,0.2,0.2,0.5,0.023,,0,-2.3,-2.3,-0.1
202,Mike Mitchell,SF,26,SAS,57,2090,16.7,0.563,0.001,0.208,8.9,14.1,11.5,3,0.7,0.7,8.4,22.1,,4,1.5,5.5,0.126,,1,-2.1,-1,0.5
203,Steve Mix,SF,34,PHI,75,1235,15.8,0.57,0.01,0.431,8.8,11.6,10.3,10.1,1.6,0.8,12.4,18.3,,2.3,1.4,3.7,0.144,,1.4,-0.4,1,0.9
204,Paul Mokeski,C,25,TOT,67,868,8.7,0.489,0.016,0.326,7.2,19.9,13.3,5.1,1.8,2.6,19.9,12.7,,-0.2,1,0.8,0.045,,-4.5,1.2,-3.3,-0.3
204,Paul Mokeski,C,25,DET,39,523,7.1,0.49,0.009,0.297,7.1,18.8,12.8,5.7,1.1,2.4,23.7,12.3,,-0.3,0.6,0.3,0.031,,-5.1,1,-4.1,-0.3
204,Paul Mokeski,C,25,CLE,28,345,11.1,0.488,0.024,0.366,7.4,21.6,14.1,4.2,2.8,2.8,14.4,13.3,,0.1,0.4,0.5,0.066,,-3.7,1.6,-2.1,0
205,Sidney Moncrief*,SG,24,MIL,80,2980,20.1,0.601,0.013,0.539,8.8,11.6,10.3,18.1,2.2,0.4,13.7,21,,8.9,4.5,13.4,0.216,,3.9,0.9,4.8,5.1
206,Johnny Moore,PG,23,SAS,79,2294,17,0.496,0.031,0.273,2.9,9.9,6.4,41.5,3.3,0.3,19,16,,3.1,2.7,5.8,0.122,,1.4,1.2,2.5,2.6
207,Lowes Moore,PG,24,CLE,4,70,21.5,0.542,0.132,0.211,1.5,5.2,3.2,36.4,4.1,0.8,10.7,27.4,,0.2,0.1,0.2,0.152,,-1.3,1,-0.3,0.1
208,Calvin Murphy*,PG,33,HOU,64,1204,13.2,0.47,0.025,0.17,1.8,3.9,2.8,20.6,1.8,0,10.5,26.5,,0.7,0.6,1.3,0.051,,-1.8,-1.6,-3.4,-0.4
209,Larry Nance,PF,22,PHO,80,1186,14.7,0.543,0.002,0.268,9.1,14.7,11.9,10,1.7,3.4,17.6,20.6,,0.3,2.1,2.4,0.098,,-1.5,1.3,-0.2,0.5
210,Swen Nater,C,32,SDC,21,575,16.4,0.625,0.006,0.451,9.3,31.1,19.9,7.2,0.5,0.9,18.6,18.3,,0.9,0.2,1.2,0.098,,0.8,-1.5,-0.7,0.2
211,Calvin Natt,SF,25,POR,75,2599,19,0.622,0.009,0.438,8.4,17.9,13.2,8,1.1,0.8,11.6,19.1,,7,2.3,9.3,0.171,,3,-0.7,2.3,2.8
212,Mike Newlin,SG,33,NYK,76,1507,11.5,0.519,0.037,0.239,2.7,4.3,3.5,16.1,1.1,0.1,13.3,21.4,,1.1,0.4,1.5,0.049,,-1.8,-1.8,-3.6,-0.6
213,Carl Nicks,SG,23,UTA,80,1322,10.5,0.474,0.009,0.27,5.4,7.8,6.5,9.1,2.3,0.2,14,21.9,,-0.8,0.5,-0.3,-0.01,,-3.7,-1.3,-5,-1
214,Kurt Nimphius,C,23,DAL,63,1085,12,0.489,0,0.364,9.4,22.1,15.5,7.7,0.8,4.4,14,15.2,,0.3,1.2,1.5,0.067,,-2.9,0.9,-2,0
215,Norm Nixon,PG,26,LAL,82,3024,15.3,0.525,0.009,0.176,1.4,4.8,3.2,27.7,2,0.1,14.8,21.1,,4.2,2.4,6.6,0.104,,0.2,-1,-0.8,0.9
216,Mike O'Koren,SF,23,NJN,80,2018,13.6,0.528,0.03,0.243,6.1,11,8.5,13.7,1.9,0.4,14.6,19.9,,1.4,2.8,4.1,0.098,,-0.2,0.3,0.1,1.1
217,Mark Olberding,PF,25,SAS,68,2098,14.6,0.551,0.017,0.479,6,16.4,11.2,12.4,1.3,0.8,14,18.8,,3.1,2,5.1,0.116,,-0.1,-0.2,-0.3,0.9
218,Jawann Oldham,C,24,HOU,22,124,6.5,0.403,0,0.389,6,15.7,10.7,3.1,0.8,4.6,12.5,15.9,,-0.1,0.1,0,0.008,,-5.6,0.3,-5.3,-0.1
219,Louis Orr,SF,23,IND,80,1951,14.9,0.553,0.011,0.353,6.9,11.6,9.2,10.5,1.4,0.8,14.2,20.7,,2.1,2.1,4.3,0.105,,0.2,-0.4,-0.3,0.9
220,Tom Owens,PF,32,IND,74,1599,14.9,0.53,0.003,0.355,9.4,16,12.6,12.2,1.2,1.3,15.7,22.7,,1.1,2.1,3.2,0.095,,-1.3,-0.1,-1.4,0.3
221,Robert Parish*,C,28,BOS,80,2534,22.6,0.571,0,0.287,12.8,24.5,18.8,8.4,1.3,4.1,13.7,25.5,,5,5.1,10,0.19,,2.6,1.2,3.8,3.7
222,Sonny Parker,SF,26,GSW,71,899,12.6,0.506,0,0.294,8.7,12.8,10.7,12.5,2.1,0.7,15.6,14.7,,0.8,0.9,1.6,0.088,,-0.3,0.7,0.4,0.6
223,Billy Paultz,C,33,HOU,65,807,7.7,0.416,0,0.288,7.1,17.9,12.3,6.6,0.9,1.5,15,15.2,,-0.6,0.7,0.1,0.007,,-4.1,-0.4,-4.5,-0.5
224,Jim Paxson,SG,24,POR,82,2756,18,0.561,0.028,0.228,3.1,5.9,4.5,14.8,2.2,0.2,9.4,22.8,,5.6,1.8,7.5,0.13,,1.7,-0.3,1.5,2.4
225,Sam Pellom,PF,30,ATL,69,1037,10.3,0.506,0.004,0.315,9.8,15.2,12.5,3.9,1.4,2.8,16.6,14.3,,0.2,1.6,1.8,0.083,,-2.9,1,-2,0
226,Roger Phegley,SG,25,TOT,81,1183,13,0.501,0.061,0.215,5.5,8.9,7.1,13.7,1.4,0.4,10.6,21.2,,1,0.6,1.6,0.063,,-1.2,-1,-2.2,-0.1
226,Roger Phegley,SG,25,CLE,27,566,13.3,0.53,0.061,0.21,5.3,9.1,7.1,13.9,1.4,0.2,12.4,19.4,,0.6,0.1,0.7,0.058,,-0.5,-1,-1.5,0.1
226,Roger Phegley,SG,25,SAS,54,617,12.8,0.48,0.061,0.218,5.7,8.7,7.2,13.6,1.5,0.5,9.3,22.8,,0.4,0.4,0.9,0.067,,-1.9,-1,-2.8,-0.1
227,Ben Poquette,PF,26,UTA,82,1698,13.1,0.562,0.023,0.28,7.3,18.9,13,6.9,1.4,2.1,12.6,13,,2.2,1.2,3.4,0.096,,-0.8,0.1,-0.7,0.6
228,Mark Radford,SG,22,SEA,43,369,10.3,0.556,0.03,0.69,4,4.5,4.3,20.9,2.1,0.3,24.4,19.4,,-0.1,0.5,0.4,0.052,,-3.2,0.2,-3,-0.1
229,Ed Rains,SF,25,SAS,49,637,8.2,0.468,0.011,0.362,6.2,7.2,6.7,7.7,1.3,0.2,10.9,14.4,,0.2,0.4,0.6,0.043,,-2.9,-0.8,-3.8,-0.3
230,Kurt Rambis,PF,23,LAL,64,1131,12.8,0.528,0.004,0.513,11.6,21.5,16.8,5.6,2.5,3.6,21.6,12.5,,0.3,2.1,2.3,0.1,,-2,1.9,-0.1,0.5
231,Kelvin Ransey,PG,23,POR,78,2418,16.5,0.507,0.035,0.29,1.8,6.7,4.3,32.4,1.9,0.1,15.6,24.9,,2.2,1.5,3.7,0.073,,1.2,-1.8,-0.6,0.9
232,James Ray,PF,24,DEN,40,262,10.2,0.47,0.009,0.31,7.6,18.7,13.3,12.3,1.7,3.1,21.9,24.5,,-0.5,0.2,-0.3,-0.051,,-5.3,-0.4,-5.7,-0.3
233,Robert Reid,SF,26,HOU,77,2913,13.3,0.492,0.01,0.223,6.4,13.2,9.7,14.7,1.9,0.9,13,17,,2.5,2.7,5.2,0.086,,-0.5,0.6,0.1,1.6
234,Kevin Restani,PF,30,TOT,47,483,6.4,0.389,0.023,0.182,8.6,17.4,12.9,5.6,1.1,1.3,17.4,9.7,,-0.3,0.3,0,0.005,,-3.4,-0.2,-3.6,-0.2
234,Kevin Restani,PF,30,SAS,13,145,4.8,0.353,0.036,0.143,5.9,19.9,12.9,5.5,0.3,1.5,16.8,9.8,,-0.1,0.1,0,-0.002,,-3.9,-0.4,-4.2,-0.1
234,Kevin Restani,PF,30,CLE,34,338,7.1,0.406,0.017,0.2,9.8,16.4,12.9,5.6,1.4,1.2,17.7,9.7,,-0.1,0.2,0.1,0.008,,-3.2,-0.2,-3.4,-0.1
235,Clint Richardson,SG,25,PHI,77,1040,9.8,0.503,0.006,0.284,6.2,6.5,6.4,13.5,1.7,0.5,18.5,17.1,,0.1,1,1,0.048,,-2.2,-0.6,-2.8,-0.2
236,Micheal Ray Richardson,PG,26,NYK,82,3044,17.7,0.498,0.075,0.226,6.5,14.9,10.6,27.4,3.4,0.8,16.5,23.9,,1.6,3.8,5.5,0.086,,1.3,1.4,2.7,3.6
237,Rick Robey,C,26,BOS,80,1186,11,0.511,0.005,0.419,10.9,16.4,13.7,7.5,1.1,0.6,17.2,18.1,,0.3,1.6,1.9,0.076,,-2.5,-0.3,-2.7,-0.2
238,Cliff Robinson,PF,21,TOT,68,2175,18.3,0.491,0.003,0.274,8.6,23.5,15.8,8.5,1.9,2.7,10.4,26.9,,0.7,2.8,3.5,0.077,,0.3,-0.2,0.1,1.1
238,Cliff Robinson,PF,21,KCK,38,1229,18.5,0.488,0.004,0.254,7.4,22.4,14.7,9,1.8,2.8,9.8,29,,0.1,1.8,1.9,0.074,,0.2,-0.3,0,0.6
238,Cliff Robinson,PF,21,CLE,30,946,18.1,0.495,0.002,0.306,10.2,24.9,17.1,7.9,2.1,2.6,11.3,24.2,,0.5,1,1.6,0.08,,0.4,-0.2,0.2,0.5
239,Jackie Robinson,SF,26,CHI,3,29,8,0.465,0,0.444,12.3,0,5.9,0,0,0,8.5,17,,0,0,0,0.037,,-3.5,-0.8,-4.3,0
240,Truck Robinson,PF,30,PHO,74,2745,16.1,0.548,0.001,0.329,8.4,20.4,14.5,9.7,0.7,0.6,13.5,22.4,,2.9,4,6.9,0.121,,0.4,-1,-0.6,1
241,Bill Robinzine,PF,29,UTA,56,651,11.3,0.494,0,0.255,9.1,14.8,11.9,10.3,2.6,0.4,20.2,25.2,,-0.7,0.5,-0.2,-0.013,,-4.9,-1.1,-6,-0.7
242,Dave Robisch,C,32,DEN,12,257,17.9,0.553,0,0.519,6,19.9,13.1,15.2,0.5,0.8,9.1,21.2,,0.7,0.1,0.7,0.139,,1.2,-1.2,0,0.2
243,John Roche,SG,32,DEN,39,501,11.8,0.561,0.347,0.253,0.9,4,2.5,20.5,1.3,0.2,14.8,14.8,,0.7,-0.1,0.6,0.061,,0.8,-2.2,-1.4,0.1
244,Tree Rollins,C,26,ATL,79,2018,14.7,0.6,0,0.373,9.4,24.9,17.1,4.1,0.9,6.8,16.4,10.4,,2.2,4.2,6.4,0.153,,-0.8,3.4,2.6,2.3
245,Lorenzo Romar,PG,23,GSW,79,1259,14.6,0.548,0.037,0.238,1,7.6,4.2,23.6,2.3,0.6,16.7,17.1,,1.6,1,2.7,0.101,,0.1,0.3,0.4,0.8
246,Dan Roundfield,PF,28,ATL,61,2217,19.5,0.527,0.005,0.412,11.6,25.3,18.4,11.9,1.5,2.6,14.5,24.6,,2.4,4.1,6.5,0.141,,1.6,0.7,2.3,2.4
247,Jeff Ruland,C,23,WSB,82,2214,18.8,0.623,0.004,0.607,12.7,24.7,18.8,9.1,1,1.5,20,22.4,,3.7,4.1,7.8,0.17,,0.6,0.7,1.3,1.9
248,Campy Russell,SF,30,NYK,77,2358,13.3,0.543,0.066,0.343,4.1,7.4,5.7,16.9,1.6,0.3,16.5,20.7,,2,1.2,3.2,0.066,,-0.2,-1,-1.2,0.5
249,DeWayne Scales,PF,23,NYK,3,24,1,0.255,0,0.4,9.4,14.6,11.9,0,2,2.4,25.4,13.5,,-0.1,0,-0.1,-0.116,,-4.7,-0.2,-4.9,0
250,Danny Schayes,C,22,UTA,82,1623,13.2,0.532,0.002,0.353,8.5,20,14.1,11.6,1.3,2.4,20,18.7,,0.4,1.3,1.7,0.05,,-2.4,0.1,-2.3,-0.1
251,Alvin Scott,SF,26,PHO,81,1740,11.7,0.546,0.005,0.389,6.3,12.2,9.4,11,1.6,2.3,18,12.9,,1.2,2.7,3.8,0.106,,-0.9,1.6,0.7,1.2
252,Craig Shelton,SF,24,ATL,4,21,5.8,0.363,0,0.333,5.4,10.8,8.1,0,2.4,0,0,14.2,,0,0,0,0.034,,-4.4,0,-4.4,0
253,Lonnie Shelton,PF,26,SEA,81,2667,14.2,0.523,0.008,0.229,6.8,13.7,10.4,13.6,1.8,0.9,14.7,21,,1.6,4.3,5.8,0.105,,-0.8,0.6,-0.2,1.2
254,Purvis Short,SF,24,GSW,76,1782,18.8,0.53,0.03,0.236,7.4,8.9,8.1,17.6,1.7,0.3,10.6,26.1,,3.7,1.3,5,0.135,,2.1,-0.6,1.5,1.6
255,Jerry Sichting,PG,25,IND,51,800,10.2,0.503,0.046,0.196,1.9,5.7,3.7,20.1,2,0.1,16.6,13.2,,0.3,0.8,1.1,0.064,,-2.6,0.4,-2.1,0
256,Jack Sikma*,C,26,SEA,82,3049,20.6,0.559,0.011,0.432,8.2,28,18.5,13.1,1.6,1.9,12.9,22.5,,5.9,6.7,12.6,0.199,,2.2,1.7,3.9,4.5
257,James Silas,SG,32,CLE,67,1447,15.7,0.535,0.009,0.499,1.9,6.9,4.3,22.4,1.3,0.2,13.3,22.9,,2.2,0.2,2.4,0.078,,0.9,-1.6,-0.7,0.5
258,Jim Smith,PF,23,SDC,72,858,9.2,0.511,0,0.503,9.7,15.7,12.6,6.7,1.2,3.4,18.5,12,,0.2,0.4,0.6,0.034,,-3.5,0.4,-3.1,-0.2
259,Larry Smith,PF,24,GSW,74,2213,12.8,0.548,0.002,0.386,13.5,26.8,20,4.6,1.4,1.4,17.9,10.7,,2.3,3,5.2,0.113,,-0.4,0.1,-0.3,1
260,Phil Smith,SG,29,TOT,74,2042,12.2,0.494,0.035,0.293,2.9,7.6,5.2,20.7,1.6,0.7,15.3,20.3,,0.8,0.8,1.6,0.037,,-1.1,-1.1,-2.2,-0.1
260,Phil Smith,SG,29,SDC,48,1446,12.4,0.489,0.042,0.292,2.7,7,4.8,22.3,1.5,0.7,15.2,21.5,,0.6,0,0.5,0.017,,-0.7,-1.9,-2.6,-0.2
260,Phil Smith,SG,29,SEA,26,596,11.5,0.509,0.016,0.296,3.2,9.1,6.3,16.8,1.8,0.7,15.7,17.3,,0.2,0.8,1,0.083,,-2,0.9,-1,0.1
261,Randy Smith,SG,33,NYK,82,2033,12.2,0.504,0.015,0.202,2.9,5.9,4.4,17.5,2.2,0,13.2,19,,1.2,1.2,2.4,0.058,,-1.6,-0.4,-2,0
262,Robert Smith,PG,26,MIL,17,316,10.6,0.503,0.091,0.109,0.4,4.5,2.5,19.1,1.5,0.2,10.8,16.8,,0.3,0.3,0.6,0.096,,-2.1,0,-2.1,0
263,Ricky Sobers,SG,29,CHI,80,1938,12.2,0.515,0.095,0.317,2.3,5.9,4.2,23.5,1.8,0.5,19.2,24.4,,-0.2,1.2,1,0.024,,-2,-1.4,-3.4,-0.7
264,Jim Spanarkel,SG,24,DAL,82,1755,17.2,0.584,0.043,0.58,6.2,7.5,6.8,16.6,2.4,0.3,13.6,19.2,,4.1,1.1,5.2,0.142,,2,0.2,2.2,1.9
265,Rory Sparrow,PG,23,ATL,82,2610,13,0.539,0.021,0.203,2.3,7.4,4.9,24.4,1.7,0.3,15.4,15.6,,2.9,2.7,5.6,0.104,,-0.4,0.5,0.1,1.4
266,Larry Spriggs,SF,22,HOU,4,37,11.7,0.589,0,0.182,5.8,12.4,9,15.5,2.7,0,25.2,17.6,,0,0,0,0.037,,-3.8,0.3,-3.5,0
267,Kevin Stacom,SG,30,MIL,7,90,4,0.43,0.059,0.059,2.6,6.1,4.5,10.5,0.5,0,20.5,20.1,,-0.2,0.1,-0.1,-0.06,,-4.1,-1.2,-5.3,-0.1
268,Brian Taylor,PG,30,SDC,41,1274,13.7,0.588,0.192,0.335,2.4,6.7,4.5,23.4,1.7,0.4,17.9,14.7,,2.3,0,2.3,0.085,,0.9,-1.1,-0.2,0.6
269,Carlos Terry,SG,25,WSB,13,60,3.1,0.268,0.2,0.267,9.3,12.5,10.9,16.5,2.4,0.9,23,15.2,,-0.2,0.1,-0.1,-0.048,,-5.4,0.6,-4.7,-0.1
270,Reggie Theus,SG,24,CHI,82,2838,16.2,0.542,0.084,0.376,4.8,7.5,6.2,25.8,1.5,0.3,16.6,24.6,,3.8,1.5,5.3,0.09,,1.2,-1.4,-0.2,1.2
271,Isiah Thomas*,PG,20,DET,72,2433,14.5,0.487,0.055,0.402,2.5,7.1,4.7,32.6,2.8,0.4,19.2,25,,-0.2,2.5,2.3,0.046,,-0.3,-0.6,-0.8,0.7
272,David Thompson*,SG,27,DEN,61,1246,17.6,0.571,0.022,0.526,5,7.6,6.4,12.5,1.2,1.2,15.2,28.5,,2.1,0,2,0.079,,1,-2.8,-1.8,0.1
273,Mychal Thompson,C,27,POR,79,3129,19.2,0.548,0,0.342,9.3,23.4,16.4,14.6,1.1,1.9,14,22.9,,4.5,3.6,8.2,0.125,,2.3,0,2.3,3.4
274,Ray Tolbert,PF,23,TOT,64,607,10.3,0.504,0.01,0.173,9.3,13.4,11.4,7.6,0.9,1.5,17.1,17.8,,-0.1,0.9,0.7,0.058,,-2.9,-0.1,-3,-0.2
274,Ray Tolbert,PF,23,NJN,12,115,9.1,0.463,0.023,0.182,10.7,15.9,13.3,9.8,1.6,1,20.2,20.7,,-0.1,0.2,0,0.012,,-4,-0.1,-4,-0.1
274,Ray Tolbert,PF,23,SEA,52,492,10.5,0.515,0.006,0.171,8.9,12.8,10.9,7,0.8,1.6,16.3,17.1,,0,0.7,0.7,0.068,,-2.6,-0.1,-2.8,-0.1
275,Andrew Toney,SG,24,PHI,77,1909,17.2,0.572,0.06,0.313,2.7,5.1,4,23.1,1.6,0.5,16.1,29,,2.3,1.7,4,0.1,,0.7,-1.5,-0.7,0.6
276,Raymond Townsend,SG,26,IND,14,95,4.4,0.351,0.22,0.488,2.2,12.8,7.4,14.5,1.5,0,10.8,24.5,,-0.3,0.1,-0.2,-0.078,,-5.7,-0.6,-6.2,-0.2
277,Kelly Tripucka,SF,22,DET,82,3077,16.4,0.57,0.017,0.485,7.6,8.2,7.9,12.7,1.3,0.3,15.3,23.3,,5.4,2.1,7.5,0.117,,1.5,-1.3,0.2,1.7
278,Elston Turner,SF,22,DAL,80,1996,10.7,0.472,0.006,0.216,7.9,9.4,8.6,13.2,1.8,0.1,14.2,16.8,,0.3,1,1.4,0.033,,-1.5,-0.8,-2.3,-0.2
279,Terry Tyler,PF,25,DET,82,1989,16.9,0.56,0.006,0.299,8.2,19.3,13.6,8.7,1.8,4.4,14.3,16.7,,2.5,3,5.5,0.133,,0.9,2.1,2.9,2.5
280,Darnell Valentine,PG,22,POR,82,1387,13.1,0.486,0.02,0.442,3.9,8.1,6,24.9,3.2,0.1,19,19.8,,0.3,1.4,1.7,0.059,,-2,0.5,-1.6,0.2
281,Jan van Breda Kolff,SF,30,NJN,41,452,10.2,0.624,0.024,0.927,4.2,7.8,6,8.9,1.2,1.7,20.1,12.8,,0.6,0.5,1.1,0.119,,-1.8,1,-0.7,0.1
282,Kiki Vandeweghe,PF,23,DEN,82,2775,18.9,0.612,0.01,0.321,5.9,11.7,8.9,11.9,0.8,0.5,11.6,22.3,,7.8,-0.1,7.7,0.133,,3.1,-2.5,0.6,1.8
283,Pete Verhoeven,PF,22,POR,71,1207,10.4,0.533,0,0.243,9.9,13.6,11.8,5.4,1.7,1,14.4,13,,1,1.1,2.1,0.085,,-2.4,0,-2.4,-0.1
284,Jay Vincent,PF,22,DAL,81,2626,18.7,0.532,0.003,0.282,7.7,17.3,12.3,11.5,1.7,0.5,10.6,28.6,,3.6,2,5.6,0.102,,1.7,-1.2,0.5,1.6
285,Danny Vranes,SF,23,SEA,77,1075,11.2,0.573,0.004,0.565,7.4,12.4,10,6.9,1.3,1.1,17.2,15.2,,0.8,1.5,2.4,0.106,,-2.1,0.5,-1.6,0.1
286,Foots Walker,PG,30,NJN,77,1861,11.8,0.492,0.024,0.513,1.9,7.3,4.6,26.7,3,0.2,18.8,12.2,,1.4,2.8,4.2,0.108,,-1.6,2,0.4,1.1
287,Wally Walker,SF,27,SEA,70,1965,11.4,0.504,0.003,0.213,6.2,10.5,8.4,15.2,0.9,0.8,13.9,16.9,,1.1,2.4,3.5,0.087,,-1.2,0,-1.1,0.4
288,Kermit Washington,PF,30,POR,20,418,11.7,0.521,0,0.526,10.8,20.4,15.6,8.4,1,2.1,16.5,11.3,,0.4,0.5,0.8,0.095,,-1.1,0.5,-0.6,0.2
289,Richard Washington,PF,26,CLE,18,313,7.1,0.448,0.017,0.13,10.9,16.5,13.5,6.8,1.2,0.4,22.3,20.6,,-0.6,0.1,-0.5,-0.072,,-5.2,-1.9,-7.1,-0.5
290,Marvin Webster,C,29,NYK,82,1883,11.8,0.527,0,0.42,11,19,14.9,6.7,0.6,2.8,15.8,12.5,,1.6,1.7,3.2,0.082,,-1.1,-0.1,-1.2,0.4
291,Scott Wedman,SF,29,CLE,54,1638,12.5,0.47,0.039,0.153,8.3,12.9,10.5,11.6,2.2,0.5,10.4,17.7,,0.8,0.9,1.6,0.048,,-1,-0.2,-1.2,0.4
292,Paul Westphal*,SG,31,NYK,18,451,13.3,0.489,0.041,0.242,2.2,3.4,2.8,31.8,2,1,18,23.9,,0,0.3,0.3,0.032,,-0.5,-1.2,-1.8,0
293,Jerome Whitehead,C,25,SDC,72,2214,16.7,0.599,0,0.332,12.1,23.9,17.9,6.4,1,1.1,14.5,17.9,,4.4,0.9,5.3,0.114,,1,-1.6,-0.6,0.8
294,Hawkeye Whitney,SG,24,KCK,23,266,5.4,0.364,0.014,0.099,5.3,11.7,8.4,8.8,2.1,0.2,15.9,13.5,,-0.4,0.3,-0.1,-0.025,,-4.5,0.2,-4.3,-0.2
295,Michael Wiley,PF,24,SDC,61,1013,16.2,0.599,0.014,0.393,7.7,13.9,10.7,7.3,1.9,0.9,14.4,19.8,,1.8,0.3,2.1,0.097,,0.8,-0.9,-0.1,0.5
296,Bob Wilkerson,SF,27,CLE,65,1805,12.5,0.471,0.027,0.272,3.5,12.7,7.8,18.7,2.5,0.8,15.4,20.5,,-0.5,1.1,0.7,0.018,,-1.8,0.3,-1.5,0.2
297,Jamaal Wilkes*,SF,28,LAL,82,2906,16.5,0.554,0.003,0.237,6,8.7,7.4,6.7,1.4,0.4,9.5,23.6,,5.3,2.4,7.7,0.127,,0.7,-1.5,-0.8,0.9
298,James Wilkes,SF,23,CHI,57,862,11.8,0.521,0.004,0.301,8.5,12.2,10.5,10.6,1.7,1.2,17.1,17.7,,0.4,0.7,1.1,0.061,,-1.6,0,-1.6,0.1
299,Jeff Wilkins,C,26,UTA,82,2274,10.5,0.481,0.004,0.245,5.6,23.6,14.4,5,0.7,1.8,14.4,16.4,,-0.5,1.5,1,0.021,,-2.8,-1.2,-4,-1.2
300,Buck Williams,PF,21,NJN,82,2825,17.2,0.603,0.001,0.44,13.7,26.6,20.1,5.4,1.4,1.7,18.3,18.2,,3.6,5.3,8.9,0.152,,0.7,0,0.7,1.9
301,Freeman Williams,SG,25,TOT,60,997,15.4,0.517,0.151,0.266,2.7,4.7,3.7,14.3,1.4,0,13.3,33.2,,0.4,0,0.4,0.02,,0.1,-3.2,-3.2,-0.3
301,Freeman Williams,SG,25,SDC,37,808,16.4,0.531,0.144,0.273,3,4.4,3.7,13.6,1.3,0,13.4,33.4,,0.6,-0.2,0.5,0.028,,0.8,-3.7,-2.9,-0.2
301,Freeman Williams,SG,25,ATL,23,189,11.2,0.453,0.182,0.236,1.2,6,3.6,17.2,1.6,0,12.9,32,,-0.2,0.2,-0.1,-0.018,,-3.1,-1.4,-4.5,-0.1
302,Gus Williams,PG,28,SEA,80,2876,21.8,0.526,0.025,0.274,3.6,5.5,4.6,31,2.9,0.7,9.9,28.5,,5.9,4.3,10.2,0.171,,4.1,1,5.1,5.2
303,Herb Williams,C,23,IND,82,2277,16.1,0.503,0.008,0.22,8.2,20.9,14.4,9.2,1.1,4.5,12.8,19.7,,0.8,3.8,4.6,0.097,,-0.5,1.3,0.8,1.6
304,Ray Williams,SG,27,NJN,82,2732,19,0.527,0.039,0.336,4.8,8.7,6.7,27.4,3.4,0.9,15.4,27.4,,3.3,4.6,7.9,0.139,,2,1.7,3.6,3.9
305,Sam Williams,PF,22,GSW,59,1073,14.8,0.565,0,0.321,9.1,22.4,15.7,4.6,2,4,16.8,14.3,,0.9,1.7,2.6,0.116,,-1,1.9,0.9,0.8
306,Sly Williams,SF,24,NYK,60,1521,18.6,0.59,0.014,0.275,7.4,9.7,8.5,14.2,2.4,0.6,13.9,22.2,,2.9,1.3,4.2,0.133,,2.3,0.2,2.6,1.7
307,Bill Willoughby,SF,24,HOU,69,1475,13.1,0.541,0.015,0.166,7.7,12.2,9.9,7,1,2.3,13.5,16,,1.5,1.1,2.6,0.086,,-0.4,0,-0.4,0.6
308,Brian Winters,SG,29,MIL,61,1829,15.8,0.553,0.115,0.194,3.3,7.2,5.3,20.5,1.5,0.3,11.9,22.3,,3.3,2.2,5.5,0.144,,1.3,-0.3,1,1.4
309,Garry Witts,SF,22,WSB,46,493,9.5,0.65,0.024,0.476,6.5,7.2,6.9,10.2,1.7,0.5,25.6,11.6,,0.4,0.6,1.1,0.104,,-2.6,1.6,-1,0.1
310,Al Wood,SG,23,TOT,48,930,13.2,0.524,0.063,0.312,6.3,10.7,8.4,9.1,1.6,0.6,14.1,22.5,,0.5,0.4,0.9,0.046,,-0.9,-1.5,-2.4,-0.1
310,Al Wood,SG,23,ATL,19,238,9.1,0.392,0.057,0.267,10.4,10.5,10.5,7,1.9,0.3,8.6,23.4,,-0.2,0.3,0,0.009,,-3.8,-1,-4.8,-0.2
310,Al Wood,SG,23,SDC,29,692,14.6,0.573,0.065,0.33,4.9,10.8,7.7,9.8,1.5,0.7,16,22.1,,0.8,0.1,0.8,0.058,,0.1,-1.6,-1.5,0.1
311,Howard Wood,SF,22,UTA,42,342,12,0.504,0.008,0.433,6.8,13.8,10.2,3.4,1.1,0.9,9.5,18.5,,0.2,0.1,0.3,0.049,,-1.8,-1.8,-3.6,-0.1
312,Mike Woodson,SG,23,TOT,83,2331,17.6,0.546,0.023,0.268,4.8,7.2,5.9,14.1,2.9,0.9,11.4,23.6,,3.2,2.5,5.7,0.117,,1.2,0.8,2.1,2.4
312,Mike Woodson,SG,23,NJN,7,145,15.1,0.506,0.015,0.471,3.9,6.3,5.1,16.3,2.2,0.8,9.9,25.1,,0.2,0.2,0.4,0.123,,-1.5,0.4,-1,0.1
312,Mike Woodson,SG,23,KCK,76,2186,17.8,0.549,0.024,0.254,4.8,7.2,6,14,2.9,0.9,11.5,23.5,,3,2.3,5.3,0.116,,1.4,0.9,2.3,2.3
313,Orlando Woolridge,SF,22,CHI,75,1188,13.4,0.565,0.008,0.523,8.2,13.3,10.8,10.1,0.9,1.1,18.1,20.9,,1,0.8,1.8,0.073,,-1.1,-0.9,-2.1,0
314,Sam Worthen,PG,24,UTA,5,22,1.9,0.4,0,0,4.8,0,2.4,16.3,0,0,28.6,12.7,,0,0,0,-0.096,,-4.5,-0.5,-5,0
315,Larry Wright,PG,27,DET,1,6,-17.2,0,0,0,0,0,0,0,0,0,50,13,,0,0,0,-0.349,,-5.1,-0.2,-5.3,0
316,Rich Yonakor,PF,23,SAS,10,70,20.4,0.567,0,0.269,19.9,21.4,20.7,5.8,0.7,1.6,6.4,17.7,,0.2,0.1,0.3,0.201,,-1.2,-0.6,-1.8,0.1